{
 "mdsDat": {
 "x": [ 0.040993, -0.19147, 0.15047 ],
"y": [ 1.1085e-09, 1.1085e-09, 1.1085e-09 ],
"topics": [ 1, 2, 3 ],
"Freq": [  36.57, 32.645, 30.785 ],
"cluster": [      1,      1,      1 ] 
},
"tinfo": {
 "Term": [ "iron", "increas", "fertil", "ocean", "carbon", "the", null, null, null, null, null, null, null, null, null, null, null, null, null, null, null, null, null, null, null, null, null, null, null, null, "carbon", "the", "iron", "increas", "ocean", "fertil", null, "fertil", "ocean", "carbon", "the", "iron", "increas", null, "increas", "iron", "the", "fertil", "ocean", "carbon", null ],
"logprob": [     30,     29,     28,     27,     26,     25,     24,     23,     22,     21,     20,     19,     18,     17,     16,     15,     14,     13,     12,     11,     10,      9,      8,      7,      6,      5,      4,      3,      2,      1, -1.2725, -1.8023, -1.3592, -2.578, -1.8032, -2.858, null, -1.0156, -0.7476, -2.228, -3.2029, -4.2808, -6.1657, null, -1.3664, -0.861, -2.161, -2.5332, -2.3803, -3.3501, null ],
"loglift": [     30,     29,     28,     27,     26,     25,     24,     23,     22,     21,     20,     19,     18,     17,     16,     15,     14,     13,     12,     11,     10,      9,      8,      7,      6,      5,      4,      3,      2,      1, 0.6352, 0.4137, 0.1166, -0.3427, -0.3898, -1.0481, null, 0.7943, 0.6658, -0.3202, -0.987, -2.805, -3.9305, null, 0.8689, 0.6148,  0.055, -0.7233, -0.9669, -1.4424, null ],
"Freq": [    220,    103,    158,    235,    143,    105, null, null, null, null, null, null, null, null, null, null, null, null, null, null, null, null, null, null, null, null, null, null, null, null, 98.959, 58.261, 90.743, 26.821, 58.206, 20.272, null, 114.22, 149.32, 33.978, 12.817,  4.362, 0.6623, null, 75.843, 125.72, 34.263, 23.614, 27.514, 10.432, null ],
"Total": [    220,    103,    158,    235,    143,    105, null, null, null, null, null, null, null, null, null, null, null, null, null, null, null, null, null, null, null, null, null, null, null, null, 143.37, 105.34, 220.82, 103.33, 235.04,  158.1, null,  158.1, 235.04, 143.37, 105.34, 220.82, 103.33, null, 103.33, 220.82, 105.34,  158.1, 235.04, 143.37, null ],
"Category": [ "Default", "Default", "Default", "Default", "Default", "Default", "Default", "Default", "Default", "Default", "Default", "Default", "Default", "Default", "Default", "Default", "Default", "Default", "Default", "Default", "Default", "Default", "Default", "Default", "Default", "Default", "Default", "Default", "Default", "Default", "Topic1", "Topic1", "Topic1", "Topic1", "Topic1", "Topic1", "Topic1", "Topic2", "Topic2", "Topic2", "Topic2", "Topic2", "Topic2", "Topic2", "Topic3", "Topic3", "Topic3", "Topic3", "Topic3", "Topic3", "Topic3" ] 
},
"token.table": {
 "Term": [ "carbon", "carbon", "carbon", "fertil", "fertil", "fertil", "increas", "increas", "increas", "iron", "iron", "iron", "ocean", "ocean", "ocean", "the", "the", "the" ],
"Topic": [ 1, 2, 3, 1, 2, 3, 1, 2, 3, 1, 2, 3, 1, 2, 3, 1, 2, 3 ],
"Freq": [ 0.69053, 0.23715, 0.06975, 0.1265, 0.72105, 0.1518, 0.26131, 0.009678, 0.73553, 0.41209, 0.018114, 0.57059, 0.24677, 0.63395, 0.11913, 0.55059, 0.12341, 0.32276 ] 
},
"R":     30,
"lambda.step":   0.01,
"plot.opts": {
 "xlab": "PC1",
"ylab": "PC2" 
},
"topic.order": [ 3, 2, 1 ] 
}